
{
  "header": {
    "event": "Allocation failed - JavaScript heap out of memory",
    "location": "OnFatalError",
    "filename": "report.20190415.175642.6316.001.json",
    "dumpEventTime": "2019-04-15T17:56:42Z",
    "processId": 6316,
    "commandLine": [
      "node",
      "E:\\proyectos\\coldcontainers\\control-containers\\Desarrollo\\Frontend\\node_modules\\react-scripts\\scripts\\start.js"
    ],
    "nodejsVersion": "v11.10.1",
    "wordSize": 64,
    "arch": "x64",
    "platform": "win32",
    "componentVersions": {
      "node": "11.10.1",
      "v8": "7.0.276.38-node.17",
      "uv": "1.26.0",
      "zlib": "1.2.11",
      "brotli": "1.0.7",
      "ares": "1.15.0",
      "modules": "67",
      "nghttp2": "1.34.0",
      "napi": "4",
      "llhttp": "1.1.1",
      "http_parser": "2.8.0",
      "openssl": "1.1.1a",
      "cldr": "34.0",
      "icu": "63.1",
      "tz": "2018e",
      "unicode": "11.0"
    },
    "release": {
      "name": "node",
      "headersUrl": "https://nodejs.org/download/release/v11.10.1/node-v11.10.1-headers.tar.gz",
      "sourceUrl": "https://nodejs.org/download/release/v11.10.1/node-v11.10.1.tar.gz",
      "libUrl": "https://nodejs.org/download/release/v11.10.1/win-x64/node.lib"
    },
    "osName": "Windows_NT",
    "osRelease": "6.3.9600",
    "osVersion": "Windows 8.1 Pro",
    "osMachine": "x86_64",
    "host": "EQUIPO2"
  },
  "javascriptStack": {
    "message": "No stack.",
    "stack": [
      "Unavailable."
    ]
  },
  "nativeStack": [
    {
      "pc": "0x00007ff73783dd6e",
      "symbol": ""
    },
    {
      "pc": "0x00007ff73783cc36",
      "symbol": ""
    },
    {
      "pc": "0x00007ff73783c4a2",
      "symbol": ""
    },
    {
      "pc": "0x00007ff73793a3ed",
      "symbol": ""
    },
    {
      "pc": "0x00007ff737d30f1e",
      "symbol": ""
    },
    {
      "pc": "0x00007ff737d30e57",
      "symbol": ""
    },
    {
      "pc": "0x00007ff737de0e74",
      "symbol": ""
    },
    {
      "pc": "0x00007ff738373f37",
      "symbol": ""
    },
    {
      "pc": "0x00007ff737dd6df0",
      "symbol": ""
    },
    {
      "pc": "0x00007ff737dd5eb6",
      "symbol": ""
    },
    {
      "pc": "0x00007ff737dd5068",
      "symbol": ""
    },
    {
      "pc": "0x00007ff737ddeab7",
      "symbol": ""
    },
    {
      "pc": "0x00007ff737ddeb36",
      "symbol": ""
    },
    {
      "pc": "0x00007ff737f6774d",
      "symbol": ""
    },
    {
      "pc": "0x00007ff737f680e2",
      "symbol": ""
    },
    {
      "pc": "0x00007ff737faf3aa",
      "symbol": ""
    },
    {
      "pc": "0x00007ff737f9b476",
      "symbol": ""
    },
    {
      "pc": "0x00007ff738029e30",
      "symbol": ""
    },
    {
      "pc": "0x000003217b7d0461",
      "symbol": ""
    }
  ],
  "javascriptHeap": {
    "totalMemory": 41119744,
    "totalCommittedMemory": 41119744,
    "usedMemory": 17814232,
    "availableMemory": 1496866800,
    "memoryLimit": 1526909922,
    "heapSpaces": {
      "read_only_space": {
        "memorySize": 524288,
        "committedMemory": 524288,
        "capacity": 515584,
        "used": 33520,
        "available": 482064
      },
      "new_space": {
        "memorySize": 16777216,
        "committedMemory": 16777216,
        "capacity": 8249344,
        "used": 1106048,
        "available": 7143296
      },
      "old_space": {
        "memorySize": 17502208,
        "committedMemory": 17502208,
        "capacity": 15653632,
        "used": 13497248,
        "available": 2156384
      },
      "code_space": {
        "memorySize": 2621440,
        "committedMemory": 2621440,
        "capacity": 1656448,
        "used": 1656448,
        "available": 0
      },
      "map_space": {
        "memorySize": 1585152,
        "committedMemory": 1585152,
        "capacity": 747520,
        "used": 747520,
        "available": 0
      },
      "large_object_space": {
        "memorySize": 2109440,
        "committedMemory": 2109440,
        "capacity": 1487858504,
        "used": 773448,
        "available": 1487085056
      },
      "new_large_object_space": {
        "memorySize": 0,
        "committedMemory": 0,
        "capacity": 0,
        "used": 0,
        "available": 0
      }
    }
  },
  "libuv": [
  ],
  "environmentVariables": {
    "=C:": "C:\\",
    "ALLUSERSPROFILE": "C:\\ProgramData",
    "ANDROID_HOME": "C:\\Users\\ADMIN\\AppData\\Local\\Android\\Sdk",
    "APPDATA": "C:\\Users\\ADMIN\\AppData\\Roaming",
    "BABEL_ENV": "development",
    "ChocolateyInstall": "C:\\ProgramData\\chocolatey",
    "ChocolateyLastPathUpdate": "Fri Mar  1 14:08:11 2019",
    "CHOKIDAR_USEPOLLING": "true",
    "CLASSPATH": ".;",
    "CommonProgramFiles": "C:\\Program Files\\Common Files",
    "CommonProgramFiles(x86)": "C:\\Program Files (x86)\\Common Files",
    "CommonProgramW6432": "C:\\Program Files\\Common Files",
    "COMPUTERNAME": "EQUIPO2",
    "ComSpec": "C:\\Windows\\system32\\cmd.exe",
    "FP_NO_HOST_CHECK": "NO",
    "HOME": "C:\\Users\\ADMIN",
    "HOMEDRIVE": "C:",
    "HOMEPATH": "\\Users\\ADMIN",
    "INIT_CWD": "E:\\proyectos\\coldcontainers\\control-containers\\Desarrollo\\Frontend",
    "JAVA_HOME": "C:\\Program Files\\Java\\jdk1.8.0_201",
    "LANG": "es_ES.UTF-8",
    "LOCALAPPDATA": "C:\\Users\\ADMIN\\AppData\\Local",
    "LOGONSERVER": "\\\\EQUIPO2",
    "NODE": "C:\\Program Files\\nodejs\\node.exe",
    "NODE_ENV": "development",
    "NODE_EXE": "C:\\Program Files\\nodejs\\\\node.exe",
    "NODE_PATH": "",
    "NPM_CLI_JS": "C:\\Program Files\\nodejs\\\\node_modules\\npm\\bin\\npm-cli.js",
    "npm_config_access": "",
    "npm_config_allow_same_version": "",
    "npm_config_also": "",
    "npm_config_always_auth": "",
    "npm_config_argv": "{\"remain\":[],\"cooked\":[\"start\"],\"original\":[\"start\"]}",
    "npm_config_audit": "true",
    "npm_config_audit_level": "low",
    "npm_config_auth_type": "legacy",
    "npm_config_bin_links": "true",
    "npm_config_browser": "",
    "npm_config_ca": "",
    "npm_config_cache": "C:\\Users\\ADMIN\\AppData\\Roaming\\npm-cache",
    "npm_config_cache_lock_retries": "10",
    "npm_config_cache_lock_stale": "60000",
    "npm_config_cache_lock_wait": "10000",
    "npm_config_cache_max": "Infinity",
    "npm_config_cache_min": "10",
    "npm_config_cafile": "",
    "npm_config_cert": "",
    "npm_config_cidr": "",
    "npm_config_color": "true",
    "npm_config_commit_hooks": "true",
    "npm_config_depth": "Infinity",
    "npm_config_description": "true",
    "npm_config_dev": "",
    "npm_config_dry_run": "",
    "npm_config_editor": "notepad.exe",
    "npm_config_engine_strict": "",
    "npm_config_fetch_retries": "2",
    "npm_config_fetch_retry_factor": "10",
    "npm_config_fetch_retry_maxtimeout": "60000",
    "npm_config_fetch_retry_mintimeout": "10000",
    "npm_config_force": "",
    "npm_config_git": "git",
    "npm_config_git_tag_version": "true",
    "npm_config_global": "",
    "npm_config_globalconfig": "C:\\Users\\ADMIN\\AppData\\Roaming\\npm\\etc\\npmrc",
    "npm_config_globalignorefile": "C:\\Users\\ADMIN\\AppData\\Roaming\\npm\\etc\\npmignore",
    "npm_config_global_style": "",
    "npm_config_group": "",
    "npm_config_ham_it_up": "",
    "npm_config_heading": "npm",
    "npm_config_https_proxy": "",
    "npm_config_if_present": "",
    "npm_config_ignore_prepublish": "",
    "npm_config_ignore_scripts": "",
    "npm_config_init_author_email": "",
    "npm_config_init_author_name": "",
    "npm_config_init_author_url": "",
    "npm_config_init_license": "ISC",
    "npm_config_init_module": "C:\\Users\\ADMIN\\.npm-init.js",
    "npm_config_init_version": "1.0.0",
    "npm_config_json": "",
    "npm_config_key": "",
    "npm_config_legacy_bundling": "",
    "npm_config_link": "",
    "npm_config_local_address": "",
    "npm_config_loglevel": "notice",
    "npm_config_logs_max": "10",
    "npm_config_long": "",
    "npm_config_maxsockets": "50",
    "npm_config_message": "%s",
    "npm_config_metrics_registry": "https://registry.npmjs.org/",
    "npm_config_node_gyp": "C:\\Program Files\\nodejs\\node_modules\\npm\\node_modules\\node-gyp\\bin\\node-gyp.js",
    "npm_config_node_options": "",
    "npm_config_node_version": "11.10.1",
    "npm_config_noproxy": "",
    "npm_config_offline": "",
    "npm_config_onload_script": "",
    "npm_config_only": "",
    "npm_config_optional": "true",
    "npm_config_otp": "",
    "npm_config_package_lock": "true",
    "npm_config_package_lock_only": "",
    "npm_config_parseable": "",
    "npm_config_prefer_offline": "",
    "npm_config_prefer_online": "",
    "npm_config_prefix": "C:\\Users\\ADMIN\\AppData\\Roaming\\npm",
    "npm_config_preid": "",
    "npm_config_production": "",
    "npm_config_progress": "true",
    "npm_config_proxy": "",
    "npm_config_read_only": "",
    "npm_config_rebuild_bundle": "true",
    "npm_config_registry": "https://registry.npmjs.org/",
    "npm_config_rollback": "true",
    "npm_config_save": "true",
    "npm_config_save_bundle": "",
    "npm_config_save_dev": "",
    "npm_config_save_exact": "",
    "npm_config_save_optional": "",
    "npm_config_save_prefix": "^",
    "npm_config_save_prod": "",
    "npm_config_scope": "",
    "npm_config_scripts_prepend_node_path": "warn-only",
    "npm_config_script_shell": "",
    "npm_config_searchexclude": "",
    "npm_config_searchlimit": "20",
    "npm_config_searchopts": "",
    "npm_config_searchstaleness": "900",
    "npm_config_send_metrics": "",
    "npm_config_shell": "C:\\Windows\\system32\\cmd.exe",
    "npm_config_shrinkwrap": "true",
    "npm_config_sign_git_commit": "",
    "npm_config_sign_git_tag": "",
    "npm_config_sso_poll_frequency": "500",
    "npm_config_sso_type": "oauth",
    "npm_config_strict_ssl": "true",
    "npm_config_tag": "latest",
    "npm_config_tag_version_prefix": "v",
    "npm_config_timing": "",
    "npm_config_tmp": "C:\\Users\\ADMIN\\AppData\\Local\\Temp",
    "npm_config_umask": "0000",
    "npm_config_unicode": "",
    "npm_config_unsafe_perm": "true",
    "npm_config_update_notifier": "true",
    "npm_config_usage": "",
    "npm_config_user": "",
    "npm_config_userconfig": "C:\\Users\\ADMIN\\.npmrc",
    "npm_config_user_agent": "npm/6.7.0 node/v11.10.1 win32 x64",
    "npm_config_version": "",
    "npm_config_versions": "",
    "npm_config_viewer": "browser",
    "npm_execpath": "C:\\Program Files\\nodejs\\node_modules\\npm\\bin\\npm-cli.js",
    "npm_lifecycle_event": "start",
    "npm_lifecycle_script": "react-scripts start",
    "npm_node_execpath": "C:\\Program Files\\nodejs\\node.exe",
    "npm_package_author_name": "Łukasz Holeczek",
    "npm_package_browserslist_0": ">0.2%",
    "npm_package_browserslist_1": "not dead",
    "npm_package_browserslist_2=not ie <": " 9",
    "npm_package_browserslist_3": "not op_mini all",
    "npm_package_bugs_url": "https://github.com/coreui/coreui-free-react-admin-template/issues",
    "npm_package_copyright": "Copyright 2018 creativeLabs Łukasz Holeczek",
    "npm_package_dependencies_bootstrap": "^4.1.3",
    "npm_package_dependencies_canvas_gauges": "^2.1.5",
    "npm_package_dependencies_chart_js": "^2.7.3",
    "npm_package_dependencies_classnames": "^2.2.6",
    "npm_package_dependencies_core_js": "^2.5.7",
    "npm_package_dependencies_enzyme": "^3.7.0",
    "npm_package_dependencies_enzyme_adapter_react_16": "^1.7.0",
    "npm_package_dependencies_express": "^4.16.4",
    "npm_package_dependencies_flag_icon_css": "^3.2.1",
    "npm_package_dependencies_font_awesome": "^4.7.0",
    "npm_package_dependencies_google_maps_react": "^2.0.2",
    "npm_package_dependencies_google_map_react": "^1.1.2",
    "npm_package_dependencies_highcharts": "^7.1.0",
    "npm_package_dependencies_highcharts_more": "^0.1.7",
    "npm_package_dependencies_highcharts_react_official": "^2.1.3",
    "npm_package_dependencies_jquery": "^3.3.1",
    "npm_package_dependencies_mdbreact": "^4.8.7",
    "npm_package_dependencies_moment": "^2.24.0",
    "npm_package_dependencies_mqtt_react": "0.0.3",
    "npm_package_dependencies_node_sass": "^4.10.0",
    "npm_package_dependencies_prop_types": "^15.6.2",
    "npm_package_dependencies_react": "^16.7.0",
    "npm_package_dependencies_reactstrap": "^6.5.0",
    "npm_package_dependencies_react_app_polyfill": "^0.1.3",
    "npm_package_dependencies_react_bootstrap": "^0.32.4",
    "npm_package_dependencies_react_bootstrap_table": "^4.3.1",
    "npm_package_dependencies_react_canvas_gauges": "^1.2.1",
    "npm_package_dependencies_react_chartjs_2": "^2.7.2",
    "npm_package_dependencies_react_confirm_alert": "^2.3.0",
    "npm_package_dependencies_react_datepicker": "^2.3.0",
    "npm_package_dependencies_react_delay": "^0.1.0",
    "npm_package_dependencies_react_dom": "^16.7.0",
    "npm_package_dependencies_react_html_table_to_excel": "^2.0.0",
    "npm_package_dependencies_react_jsx_highcharts": "^3.4.0",
    "npm_package_dependencies_react_jsx_highstock": "^3.4.0",
    "npm_package_dependencies_react_loadable": "^5.5.0",
    "npm_package_dependencies_react_notifications": "^1.4.3",
    "npm_package_dependencies_react_notifications_component": "^1.0.1",
    "npm_package_dependencies_react_prism": "^4.3.2",
    "npm_package_dependencies_react_progress_button": "^5.1.0",
    "npm_package_dependencies_react_router_config": "^4.4.0-beta.6",
    "npm_package_dependencies_react_router_dom": "^4.3.1",
    "npm_package_dependencies_react_spinners": "^0.5.4",
    "npm_package_dependencies_react_svg_gauge": "^1.0.10",
    "npm_package_dependencies_react_switch": "^4.1.0",
    "npm_package_dependencies_react_s_alert": "^1.4.1",
    "npm_package_dependencies_react_test_renderer": "^16.6.3",
    "npm_package_dependencies_react_toasts": "^3.0.0",
    "npm_package_dependencies_react_tooltip": "^3.10.0",
    "npm_package_dependencies_react_websocket": "^2.0.0",
    "npm_package_dependencies_request": "^2.88.0",
    "npm_package_dependencies_simple_line_icons": "^2.4.1",
    "npm_package_dependencies_socket_io_client": "^2.2.0",
    "npm_package_dependencies__coreui_coreui": "^2.1.1",
    "npm_package_dependencies__coreui_coreui_plugin_chartjs_custom_tooltips": "^1.2.0",
    "npm_package_dependencies__coreui_icons": "0.3.0",
    "npm_package_dependencies__coreui_react": "^2.1.1",
    "npm_package_dependencies__material_ui_core": "^3.7.0",
    "npm_package_dependencies__progress_kendo_drawing": "^1.5.7",
    "npm_package_dependencies__progress_kendo_react_gauges": "^2.5.0",
    "npm_package_dependencies__progress_kendo_react_inputs": "^2.5.0",
    "npm_package_dependencies__progress_kendo_react_intl": "^2.5.0",
    "npm_package_description": "CoreUI React Open Source Bootstrap 4 Admin Template",
    "npm_package_devDependencies_react_scripts": "^2.1.1",
    "npm_package_eslintConfig_extends": "react-app",
    "npm_package_homepage": "https://coreui.io",
    "npm_package_jest_collectCoverageFrom_0": "src/**/*.{js,jsx}",
    "npm_package_jest_collectCoverageFrom_1": "!**/*index.js",
    "npm_package_jest_collectCoverageFrom_2": "!src/serviceWorker.js",
    "npm_package_jest_collectCoverageFrom_3": "!src/polyfill.js",
    "npm_package_license": "MIT",
    "npm_package_name": "@coreui/coreui-free-react-admin-template",
    "npm_package_private": "true",
    "npm_package_readmeFilename": "README.md",
    "npm_package_repository_type": "git",
    "npm_package_repository_url": "git+ssh://git@github.com/coreui/coreui-free-react-admin-template.git",
    "npm_package_scripts_build": "react-scripts build",
    "npm_package_scripts_eject": "react-scripts eject",
    "npm_package_scripts_start": "react-scripts start",
    "npm_package_scripts_test": "react-scripts test",
    "npm_package_scripts_test_cov": "react-scripts test --coverage",
    "npm_package_scripts_test_debug": "react-scripts --inspect-brk test --runInBand",
    "npm_package_version": "2.1.2",
    "NPM_PREFIX_NPM_CLI_JS": "C:\\Users\\ADMIN\\AppData\\Roaming\\npm\\node_modules\\npm\\bin\\npm-cli.js",
    "NUMBER_OF_PROCESSORS": "4",
    "OS": "Windows_NT",
    "Path": "C:\\Program Files\\nodejs\\node_modules\\npm\\node_modules\\npm-lifecycle\\node-gyp-bin;E:\\proyectos\\coldcontainers\\control-containers\\Desarrollo\\Frontend\\node_modules\\.bin;C:\\Python27\\;C:\\Python27\\Scripts;C:\\Windows\\system32;C:\\Windows;C:\\Windows\\System32\\Wbem;C:\\Windows\\System32\\WindowsPowerShell\\v1.0\\;C:\\Program Files\\Git\\cmd;C:\\ProgramData\\chocolatey\\bin;C:\\Program Files\\nodejs\\;C:\\Program Files\\Java\\jdk1.8.0_201\\bin;C:\\Program Files\\Android\\Android Studio\\bin;C:\\Gradle\\gradle-5.3.1\\bin;;C:\\Users\\ADMIN\\AppData\\Local\\Programs\\Microsoft VS Code\\bin;C:\\Users\\ADMIN\\AppData\\Roaming\\npm;C:\\Program Files\\Android\\Android Studio\\bin;C:\\Gradle\\gradle-5.3.1\\bin;",
    "PATHEXT": ".COM;.EXE;.BAT;.CMD;.VBS;.VBE;.JSE;.WSF;.WSH;.MSC",
    "PORT": "3001",
    "PROCESSOR_ARCHITECTURE": "AMD64",
    "PROCESSOR_IDENTIFIER": "Intel64 Family 6 Model 42 Stepping 7, GenuineIntel",
    "PROCESSOR_LEVEL": "6",
    "PROCESSOR_REVISION": "2a07",
    "ProgramData": "C:\\ProgramData",
    "ProgramFiles": "C:\\Program Files",
    "ProgramFiles(x86)": "C:\\Program Files (x86)",
    "ProgramW6432": "C:\\Program Files",
    "PROMPT": "$P$G",
    "PSModulePath": "C:\\Windows\\system32\\WindowsPowerShell\\v1.0\\Modules\\",
    "PUBLIC": "C:\\Users\\Public",
    "SESSIONNAME": "Console",
    "SystemDrive": "C:",
    "SystemRoot": "C:\\Windows",
    "TEMP": "C:\\Users\\ADMIN\\AppData\\Local\\Temp",
    "TERM_PROGRAM": "vscode",
    "TERM_PROGRAM_VERSION": "1.33.1",
    "TMP": "C:\\Users\\ADMIN\\AppData\\Local\\Temp",
    "USERDOMAIN": "EQUIPO2",
    "USERDOMAIN_ROAMINGPROFILE": "EQUIPO2",
    "USERNAME": "ADMIN",
    "USERPROFILE": "C:\\Users\\ADMIN",
    "windir": "C:\\Windows"
  },
  "sharedObjects": [
    "C:\\Program Files\\nodejs\\node.exe",
    "C:\\Windows\\SYSTEM32\\ntdll.dll",
    "C:\\Windows\\system32\\KERNEL32.DLL",
    "C:\\Windows\\system32\\KERNELBASE.dll",
    "C:\\Windows\\system32\\PSAPI.DLL",
    "C:\\Windows\\system32\\WS2_32.dll",
    "C:\\Windows\\SYSTEM32\\dbghelp.dll",
    "C:\\Windows\\system32\\ADVAPI32.dll",
    "C:\\Windows\\system32\\USER32.dll",
    "C:\\Windows\\SYSTEM32\\IPHLPAPI.DLL",
    "C:\\Windows\\SYSTEM32\\USERENV.dll",
    "C:\\Windows\\system32\\CRYPT32.dll",
    "C:\\Windows\\SYSTEM32\\bcrypt.dll",
    "C:\\Windows\\SYSTEM32\\WINMM.dll",
    "C:\\Windows\\system32\\NSI.dll",
    "C:\\Windows\\system32\\RPCRT4.dll",
    "C:\\Windows\\system32\\msvcrt.dll",
    "C:\\Windows\\SYSTEM32\\sechost.dll",
    "C:\\Windows\\system32\\GDI32.dll",
    "C:\\Windows\\SYSTEM32\\WINNSI.DLL",
    "C:\\Windows\\SYSTEM32\\profapi.dll",
    "C:\\Windows\\system32\\MSASN1.dll",
    "C:\\Windows\\SYSTEM32\\WINMMBASE.dll",
    "C:\\Windows\\system32\\SspiCli.dll",
    "C:\\Windows\\SYSTEM32\\cfgmgr32.dll",
    "C:\\Windows\\SYSTEM32\\DEVOBJ.dll",
    "C:\\Windows\\system32\\IMM32.DLL",
    "C:\\Windows\\system32\\MSCTF.dll",
    "C:\\Windows\\SYSTEM32\\powrprof.dll",
    "C:\\Windows\\system32\\mswsock.dll",
    "C:\\Windows\\system32\\bcryptprimitives.dll",
    "C:\\Windows\\system32\\pnrpnsp.dll",
    "C:\\Windows\\system32\\NLAapi.dll",
    "C:\\Windows\\SYSTEM32\\DNSAPI.dll",
    "C:\\Windows\\System32\\winrnr.dll"
  ]
}